venue	year	award	title	url	source_url
NDSS	2019	Distinguished Paper Award	MBeacon: Privacy-Preserving Beacons for DNA Methylation Data	https://www.ndss-symposium.org/ndss2019/	https://www.ndss-symposium.org/ndss2019/
NDSS	2019	Distinguished Paper Award	Establishing Software Root of Trust Unconditionally	https://www.ndss-symposium.org/ndss2019/	https://www.ndss-symposium.org/ndss2019/
NDSS	2019	Distinguished Paper Award	Cracking the Wall of Confinement: Understanding and Analyzing Malicious Domain Take-downs	https://www.ndss-symposium.org/ndss2019/	https://www.ndss-symposium.org/ndss2019/
NDSS	2019	Distinguished Paper Award	Cleaning Up the Internet of Evil Things: Real-World Evidence on ISP and Consumer Efforts to Remove Mirai	https://www.ndss-symposium.org/ndss2019/	https://www.ndss-symposium.org/ndss2019/
NDSS	2020	Distinguished Paper Award	Melting Pot of Origins: Compromising the Intermediary Web Services that Rehost Websites	https://www.ndss-symposium.org/ndss2020/	https://www.ndss-symposium.org/ndss2020/
NDSS	2021	Distinguished Paper Award	Awakening the Web's Sleeper Agents: Misusing Service Workers for Privacy Leakage	https://www.ndss-symposium.org/ndss2021/	https://www.ndss-symposium.org/ndss2021/
NDSS	2022	Distinguished Paper Award	Preventing Kernel Hacks with HAKCs	https://www.ndss-symposium.org/ndss2022/	https://www.ndss-symposium.org/ndss2022/
NDSS	2023	Distinguished Paper Award	Your Router is My Prober: Measuring IPv6 Networks via ICMP Rate Limiting Side Channels	https://www.ndss-symposium.org/ndss2023/	https://www.ndss-symposium.org/ndss2023/
NDSS	2023	Distinguished Paper Award	DARWIN: Survival of the Fittest Fuzzing Mutators	https://www.ndss-symposium.org/ndss2023/	https://www.ndss-symposium.org/ndss2023/
NDSS	2024	Distinguished Paper Award	Like, Comment, Get Scammed: Characterizing Comment Scams on Media Platforms	https://www.ndss-symposium.org/ndss2024/	https://www.ndss-symposium.org/ndss2024/
NDSS	2024	Distinguished Paper Award	UntrustIDE: Exploiting Weaknesses in VS Code Extensions	https://www.ndss-symposium.org/ndss2024/	https://www.ndss-symposium.org/ndss2024/
NDSS	2024	Distinguished Paper Award	Eavesdropping on Controller Acoustic Emanation for Keystroke Inference Attack in Virtual Reality	https://www.ndss-symposium.org/ndss2024/	https://www.ndss-symposium.org/ndss2024/
NDSS	2024	Distinguished Paper Award	LMSanitator: Defending Prompt-Tuning Against Task-Agnostic Backdoors	https://www.ndss-symposium.org/ndss2024/	https://www.ndss-symposium.org/ndss2024/
NDSS	2019	Distinguished Paper Award Honorable Mention	Data Oblivious ISA Extensions for Side Channel-Resistant and High Performance Computing	https://www.ndss-symposium.org/ndss2019/	https://www.ndss-symposium.org/ndss2019/
NDSS	2019	Distinguished Paper Award Honorable Mention	Graph-based Security and Privacy Analytics via Collective Classification with Joint Weight Learning and Propagation	https://www.ndss-symposium.org/ndss2019/	https://www.ndss-symposium.org/ndss2019/
NDSS	2019	Distinguished Paper Award Honorable Mention	ICSREF: A Framework for Automated Reverse Engineering of Industrial Control Systems Binaries	https://www.ndss-symposium.org/ndss2019/	https://www.ndss-symposium.org/ndss2019/
NDSS	2019	Distinguished Paper Award Honorable Mention	Ginseng: Keeping Secrets in Registers When You Distrust the Operating System	https://www.ndss-symposium.org/ndss2019/	https://www.ndss-symposium.org/ndss2019/
NDSS	2019	Distinguished Paper Award Honorable Mention	One Engine To Serve ’em All: Inferring Taint Rules Without Architectural Semantics	https://www.ndss-symposium.org/ndss2019/	https://www.ndss-symposium.org/ndss2019/
NDSS	2019	Distinguished Paper Award Honorable Mention	On the Challenges of Geographical Avoidance for Tor	https://www.ndss-symposium.org/ndss2019/	https://www.ndss-symposium.org/ndss2019/
NDSS	2019	Distinguished Paper Award Honorable Mention	Privacy Attacks to the 4G and 5G Cellular Paging Protocols Using Side Channel Information	https://www.ndss-symposium.org/ndss2019/	https://www.ndss-symposium.org/ndss2019/
